Workbook

Sheet 总览
A1: SynaRoute 三端测试用例表
A2: 版本 0.1.7 | 在「结果」列选 通过/失败/阻塞/跳过，本页统计自动更新
A4: 测试端 | B4: 用例数 | C4: P0 | D4: 通过 | E4: 失败 | F4: 阻塞 | G4: 未测
A5: 通用（三端共用） | B5: =COUNTA('通用（三端共用）'!B2:B200) | C5: =COUNTIF('通用（三端共用）'!H2:H200,"P0") | D5: =COUNTIF('通用（三端共用）'!I2:I200,"通过") | E5: =COUNTIF('通用（三端共用）'!I2:I200,"失败") | F5: =COUNTIF('通用（三端共用）'!I2:I200,"阻塞") | G5: =COUNTA('通用（三端共用）'!B2:B200)-COUNTIF('通用（三端共用）'!I2:I200,"通过")-COUNTIF('通用（三端共用）'!I2:I200,"失败")-COUNTIF('通用（三端共用）'!I2:I200,"阻塞")-COUNTIF('通用（三端共用）'!I2:I200,"跳过")
A6: Claude Code CLI | B6: =COUNTA('Claude Code CLI'!B2:B200) | C6: =COUNTIF('Claude Code CLI'!H2:H200,"P0") | D6: =COUNTIF('Claude Code CLI'!I2:I200,"通过") | E6: =COUNTIF('Claude Code CLI'!I2:I200,"失败") | F6: =COUNTIF('Claude Code CLI'!I2:I200,"阻塞") | G6: =COUNTA('Claude Code CLI'!B2:B200)-COUNTIF('Claude Code CLI'!I2:I200,"通过")-COUNTIF('Claude Code CLI'!I2:I200,"失败")-COUNTIF('Claude Code CLI'!I2:I200,"阻塞")-COUNTIF('Claude Code CLI'!I2:I200,"跳过")
A7: Claude 桌面端 | B7: =COUNTA('Claude 桌面端'!B2:B200) | C7: =COUNTIF('Claude 桌面端'!H2:H200,"P0") | D7: =COUNTIF('Claude 桌面端'!I2:I200,"通过") | E7: =COUNTIF('Claude 桌面端'!I2:I200,"失败") | F7: =COUNTIF('Claude 桌面端'!I2:I200,"阻塞") | G7: =COUNTA('Claude 桌面端'!B2:B200)-COUNTIF('Claude 桌面端'!I2:I200,"通过")-COUNTIF('Claude 桌面端'!I2:I200,"失败")-COUNTIF('Claude 桌面端'!I2:I200,"阻塞")-COUNTIF('Claude 桌面端'!I2:I200,"跳过")
A8: Codex | B8: =COUNTA('Codex'!B2:B200) | C8: =COUNTIF('Codex'!H2:H200,"P0") | D8: =COUNTIF('Codex'!I2:I200,"通过") | E8: =COUNTIF('Codex'!I2:I200,"失败") | F8: =COUNTIF('Codex'!I2:I200,"阻塞") | G8: =COUNTA('Codex'!B2:B200)-COUNTIF('Codex'!I2:I200,"通过")-COUNTIF('Codex'!I2:I200,"失败")-COUNTIF('Codex'!I2:I200,"阻塞")-COUNTIF('Codex'!I2:I200,"跳过")
A9: 合计 | B9: =SUM(B5:B8) | C9: =SUM(C5:C8) | D9: =SUM(D5:D8) | E9: =SUM(E5:E8) | F9: =SUM(F5:F8) | G9: =SUM(G5:G8)
A11: 使用说明
A12: 1. 每条用例自包含（前置条件/步骤/预期/取证方法），可在另一台电脑独立执行，无需回溯聊天记录。
A13: 2. 优先级 P0 = 必测（红底），P1 = 应测（黄底），P2 = 有时间再测。
A14: 3. 「预期结果」列即判定依据；「取证方法」给出可证伪的核对手段，请勿只凭界面提示下结论。
A15: 4. 失败时请在「实际现象 / 备注」列写下实际观察到的现象与取证输出，便于定位。
A17: ⚠ 两条硬约束（务必遵守，否则结论不可信）
A18: A. 必须由【用户本人双击启动】SynaRoute 后再测。AI/脚本启动的实例受 MSIX AppData 虚拟化影响，
A19: 读写的是包内私有副本，与用户真实数据是两个平行宇宙，其表现不代表用户实际情况。
A20: B. 开机自启动（G-21）与托盘图标（G-18）必须在【安装后的正式产物】上测，
A21: 不要在 tauri dev 下测——会往注册表塞一个指向 target/debug 的启动项，卸载后残留。

Sheet 通用（三端共用）
A1: 用例ID | B1: 需求项 | C1: 用例标题 | D1: 前置条件 | E1: 操作步骤 | F1: 预期结果（判定依据） | G1: 取证方法 | H1: 优先级 | I1: 结果 | J1: 实际现象 / 备注
A2: 配置与密钥管理
A3: G-01 | B3: FR-001 | C3: 三分类独立配置互不串台 | D3: 全新安装、首次启动 | E3: 依次进入「Claude CLI」「Claude 桌面端」「Codex」三个分类页，各自添加一条 Key | F3: 三个分类的 Key 列表彼此独立；在 A 分类改动不影响 B/C 分类显示 | G3: %APPDATA%\SynaRoute\config.json 里三分类各自成组 | H3: P0
A4: G-02 | B4: FR-002 | C4: Key 增删改查落盘 | D4: 已进入任一分类页 | E4: 新增 Key（填名称/base_url/密钥）→ 保存 → 编辑改名 → 保存 → 删除 | F4: 每步操作后重启应用，列表状态与操作一致（不回退） | G4: 对比 config.json 修改前后；重启后 UI 列表 | H4: P0
A5: G-03 | B5: FR-003 | C5: Key 启用/停用影响候选池 | D5: 同分类下有 >=2 条 Key | E5: 停用其中一条 → 观察该 Key 是否还参与转发；再启用 | F5: 停用的 Key 不参与故障转移候选，也不出现在托盘「主 Key」子菜单里 | G5: 运行日志中该 Key 不再出现；托盘菜单项消失 | H5: P1
A6: G-04 | B6: FR-005 | C6: 采样参数默认值 | D6: 新增一条 Key | E6: 查看 Temperature 与 MaxTokens 的默认值 | F6: Temperature 默认 1.0（范围 0~2）；MaxTokens 默认 8192 | G6: 新增 Key 表单默认值 | H6: P2
A7: G-05 | B7: FR-010 | C7: 设为主 Key 后整列重编号 | D7: 同分类下有 >=3 条启用 Key，含历史「全部 999 同级」数据更佳 | E7: 对非首位的 Key 点「设为主」 | F7: 该 Key 排到第一、优先级 0；其余顺延为连续 1,2,3…（不是全 999 同级） | G7: UI 列表顺序 + config.json 的 priority 字段 | H7: P1
A8: G-06 | B8: FR-011 | C8: 保存 Key 后自动健康检查 | D8: 已填好一条可用的 Key | E8: 点保存 | F8: 保存后自动发起一次健康检查，图标转为可用态（绿） | G8: UI 健康状态图标 + 运行日志 | H8: P2
A9: G-07 | B9: FR-011 | C9: 健康探测「可达即健康」判据 | D9: 配一条密钥正确但探测端点返回 401/404 的上游 | E9: 手动点健康检测 | F9: 拿到任意 HTTP 响应即判 up；仅连接失败/401/403 判 down。探测结果不影响熔断与路由候选 | G9: UI 状态 + 该 Key 仍能正常转发 | H9: P2
A10: 密钥保护（主口令增强模式 FR-018）
A11: G-08 | B11: FR-018 | C11: 开启主口令：整库迁移与备份 | D11: 已有 >=2 条存了密钥的 Key，且转发正常 | E11: 设置页开启「主口令」→ 输两遍口令 → 确认 | F11: 提示「N 条密钥已重新加密」；%APPDATA%\SynaRoute\ 下出现 secrets.enc.master-on-<时间戳> 备份 | G11: 查看该目录是否有 master-on 备份文件 | H11: P0
A12: G-09 | B12: FR-018 | C12: 密钥库结构切换为口令模式 | D12: 承接 G-08 | E12: 用文本编辑器打开 secrets.enc | F12: 应有 master 头部与 boxes 字段；entries 应为空 | G12: 直接查看 secrets.enc 内容 | H12: P1
A13: G-10 | B13: FR-018 | C13: 重启后锁定态的行为 | D13: 承接 G-08，完全退出应用后重新启动 | E13: 启动应用，不解锁，直接尝试转发；再手动点健康检测 | F13: 分类页顶部有红色「已锁定」常驻条；转发失败且错误指向「请解锁」；健康检查不把 Key 刷成红（锁定态跳过探测） | G13: UI 警告条 + 转发错误文案 + 健康图标未变红 | H13: P0
A14: G-11 | B14: FR-018 | C14: 解锁后恢复且标记未被刷错 | D14: 承接 G-10 | E14: 输入正确口令解锁 | F14: 转发恢复正常；各 Key 的「已配置密钥」标记没被刷成「未配置」 | G14: 转发成功 + UI 密钥标记 | H14: P0
A15: G-12 | B15: FR-018 | C15: 错误口令的反馈明确 | D15: 处于锁定态 | E15: 故意输错口令 | F15: 报「主口令错误」而非含糊失败；且不影响后续用正确口令解锁 | G15: 错误提示文案 | H15: P1
A16: G-13 | B16: FR-018 | C16: 修改主口令后旧口令立即失效 | D16: 已解锁状态 | E16: 点「修改主口令」→ 输旧口令与新口令 → 重启应用 → 先试旧口令再试新口令 | F16: 旧口令失败、新口令成功 | G16: 两次解锁结果 | H16: P1
A17: G-14 | B17: FR-018 | C17: 关闭主口令回到 DPAPI 模式 | D17: 已启用主口令并解锁 | E17: 设置页关闭主口令（需输当前口令） | F17: secrets.enc 回到只有 entries（无 master 头部）；重启后无需输口令、转发仍正常 | G17: 查看 secrets.enc 结构 + 重启后转发 | H17: P0
A18: 导入导出 / 托盘 / 系统集成
A19: G-15 | B19: FR-021 | C19: 配置导出→换机导入完整往返 | D19: 两台机器；A 机已配好可用 Key | E19: A 机「导出（含密钥）」设口令 → 拷 json 到 B 机 → B 机「导入」输同一口令 | F19: Key 数量与名称一致；B 机能真的转发成功（密钥确实解出来了，不是只有元数据）；端口/日志目录未被导入文件覆盖成 A 机的值 | G19: B 机实际发一次请求；对比设置页端口与日志目录 | H19: P0
A20: G-16 | B20: FR-021 | C20: Replace 模式导入前自动备份 | D20: B 机已有若干 Key | E20: 选 Replace 模式导入 | F20: 导入前生成 .pre-import-<时间戳>.json 备份文件 | G20: 查看 %APPDATA%\SynaRoute\ 目录 | H20: P1
A21: G-17 | B21: FR-021 | C21: 锁定态下导出/导入被前置拦截 | D21: 已启用主口令且处于锁定态 | E21: 尝试「导出（含密钥）」与「导入」 | F21: 在动任何东西之前就直接拒绝并提示解锁（不产生「声称含密钥实际为空」的文件，也不产生半成品） | G21: 错误提示 + 确认未生成任何文件/未改动本机配置 | H21: P1
A22: G-18 | B22: FR-022 | C22: 托盘图标反映代理运行状态 | D22: 已打包的正式产物（勿在 tauri dev 下测） | E22: 全部代理停止时看托盘图标 → 启动任一分类后再看 | F22: 停止时图标明显发灰/变淡；启动后恢复彩色，视觉上能分辨 | G22: 肉眼对比托盘图标 | H22: P1
A23: G-19 | B23: FR-022 | C23: 托盘代理开关的语义与界面一致 | D23: 任一分类已配好 Key | E23: 从托盘点该分类的「代理」启动 → 去看客户端配置文件；再点一次关闭 | F23: 启动时客户端配置被真的写入（端点指向 127.0.0.1:<端口>）；关闭时配置被还原。不能出现「托盘说已启动、客户端没走代理」 | G23: 查看 ~/.claude.json / ~/.codex/config.toml / configLibrary\ | H23: P0
A24: G-20 | B24: FR-022 | C24: 托盘主 Key 快切与界面口径一致 | D24: 某分类有 >=3 条启用 Key | E24: 托盘「主 Key」→ 选一条非当前主的 Key → 回主窗口查看；再从界面「设为主」切一次 | F24: 托盘切换后该 Key 排第一、优先级 0，其余连续 1,2,3…；界面切换结果与托盘完全一致（同一套后端规则） | G24: UI 列表 + config.json | H24: P1
A25: G-21 | B25: FR-025 | C25: 开机自启动注册与反注册 | D25: 安装正式包（勿在 tauri dev 下测，会往注册表塞 debug 路径） | E25: 设置页开「开机自启动」→ 查注册表 → 重启系统 → 关掉开关 → 再查注册表 | F25: 开启后 HKCU\...\Run 有 SynaRoute 项，值为安装后 exe 路径 + --autostart；重启后应用自动起来且窗口不弹出、只在托盘；关闭后该项消失 | G25: reg query "HKCU\Software\Microsoft\Windows\CurrentVersion\Run" /v SynaRoute | H25: P1
A26: G-22 | B26: FR-025 | C26: 自启动开关失败时 UI 回滚 | D26: （可选）用组策略或权限限制注册表写入 | E26: 尝试打开开机自启动 | F26: 系统侧失败时弹错误且开关**回滚**为关闭态，不显示「已开启」 | G26: UI 开关状态 | H26: P2
A27: G-23 | B27: FR-023 | C27: 深浅主题切换不误改其他设置 | D27: 先关闭「开机自启动」开关 | E27: 同一页面点「深色」主题 | F27: 主题切换生效，且开机自启动**保持关闭**（历史 P0：曾会把刚关掉的自启动重新装回系统） | G27: 切主题后再查注册表 Run 项是否仍不存在 | H27: P0
A28: G-24 | B28: FR-019 | C28: 代理启停状态正确 | D28: 任一分类已配 Key | E28: 界面点启动 → 点停止 → 再启动 | F28: 状态与端口显示正确；停止后端口不再监听 | G28: netstat -ano | findstr <端口> | H28: P1
A29: G-25 | B29: FR-020 | C29: 请求日志与 trace 按需拉取 | D29: 已开启请求日志开关 | E29: 发几次请求 → 打开日志页 → 展开某条看 trace | F29: 列表流畅（不卡顿）；展开某条才加载该条 trace 正文 | G29: 日志页交互；观察是否卡顿 | H29: P2
A30: G-26 | B30: 新增 | C30: 连续同类事件折叠成 xN | D30: 已启动代理 | E30: 连续快速发多次同类请求 → 看日志列表 | F30: 连续同类转发事件在列表里折叠成一条带 xN；但日志**文件**里仍逐条完整记录 | G30: UI 列表 + 打开 <安装目录>\logs\*.jsonl 核对条数 | H30: P2
... A37: G-33 | B37: FR-024 | C37: 卡片式 Provider 管理界面 | D37: 某分类下有多条 Key | E37: 查看分类页的 Key 列表 | F37: 卡片式呈现，展示名称、启用状态、健康状态、映射模型摘要；提供编辑/启用/删除/排序快捷入口 | G37: 肉眼核对各字段是否齐备可用 | H37: P1

Sheet Claude Code CLI
A1: 用例ID | B1: 需求项 | C1: 用例标题 | D1: 前置条件 | E1: 操作步骤 | F1: 预期结果（判定依据） | G1: 取证方法 | H1: 优先级 | I1: 结果 | J1: 实际现象 / 备注
A2: 接入与还原
A3: C-01 | B3: FR-008 | C3: CLI 接入写入配置 | D3: CLI 分类已配好 >=1 条 Key，Claude Code 已安装 | E3: 点「启动代理并写入工具配置」→ 查看 ~/.claude.json（或对应 settings 文件） | F3: 端点指向 127.0.0.1:<端口>；写入字段符合 CLI 口径（策略 A：不写 DEFAULT_*） | G3: 打开 ~/.claude.json 核对 | H3: P0
A4: C-02 | B4: FR-008 | C4: 接入前备份「首写即锁」 | D4: ~/.claude.json 为用户原始配置（未接入态） | E4: 接入 → 改代理端口后再接入 → 再改一次接入 → 点「还原」 | F4: .bak 始终是**最初的用户原始配置**（不是上一次的已接入态）；还原后拿回原始配置，且 .bak 被删除 | G4: 对比 .synaroute.bak 内容与最初原始配置 | H4: P0
A5: C-03 | B5: FR-008 | C5: 还原后再次接入抓新鲜快照 | D5: 承接 C-02（已还原、.bak 已删） | E5: 用户改动配置 → 再次接入 | F5: 新 .bak 记录的是「本轮接入前」的内容 | G5: 查看新生成的 .bak | H5: P1
A6: C-04 | B6: FR-008 | C6: 停止代理自动还原 | D6: 已接入状态 | E6: 点停止代理 | F6: 客户端配置被还原为接入前状态 | G6: 对比 ~/.claude.json | H6: P0
A7: 模型发现与路由
A8: C-05 | B8: 新增 | C8: /model 列表来自 /v1/models | D8: 已接入且代理运行中 | E8: 在 Claude Code 里执行 /model | F8: 能列出 SynaRoute 暴露的模型；有映射时只暴露**对外名**；非 claude 前缀的名字被包成 claude-synaroute-* | G8: /model 输出 + 代理日志里的 GET /v1/models | H8: P0
A9: C-06 | B9: FR-009 | C9: 故障转移到可用 Key | D9: CLI 分类：第 1 条 Key 故意填错密钥，第 2 条可用 | E9: 在 Claude Code 里正常提问 | F9: 请求最终成功（自动切到第 2 条）；日志显示第 1 条失败并转移 | G9: 运行日志的候选切换记录 | H9: P0
A10: C-07 | B10: FR-015 | C10: 候选不支持请求模型时正确解析 | D10: 两条 Key 支持的模型不同，配好模型映射 | E10: 请求一个只有第 2 条支持的模型 | F10: 按「映射→原生同名→默认兜底→首个→透传」逐级解析，能正确落到支持它的 Key | G10: 日志中实际发往上游的模型名 | H10: P1
A11: 错误语义（本轮重点）
A12: C-08 | B12: 新增 | C12: 上游 429 的 Retry-After 透传且取最小值 | D12: 构造两条 Key：A 撞按天配额返回很大的 Retry-After，B 只是瞬时限流 | E12: 持续请求直至全部候选失败 | F12: 下游收到的 Retry-After 取**各候选中最早可再试**的那个（最小值），不被 A 的大值拖垮整池；上限夹在 300s | G12: 抓下游响应头 Retry-After | H12: P1
A13: C-09 | B13: 新增 | C13: 密钥错误(401)原样回传、不伪装成过载 | D13: CLI 分类**所有** Key 都填错密钥 | E13: 发一次请求 | F13: 返回 401 原样回传，**不**包装成 529「过载请重试」、不带 Retry-After、不武装短路窗口；界面能看出根因是配置错误 | G13: 抓下游响应状态码与错误体 | H13: P1
A14: C-10 | B14: 新增 | C14: 全部 Key 临时性失败返 529 | D14: 所有 Key 指向不可达地址（连接层失败） | E14: 发一次请求 | F14: 返回 529 overloaded_error 且带 Retry-After（最少 1s） | G14: 抓下游响应 | H14: P1
A15: C-11 | B15: 新增 | C15: 重启代理解除短路窗口 | D15: 承接 C-10（短路窗口已武装） | E15: 立刻停止代理 → 修好 Key → 重新启动 → 马上发请求 | F15: 请求正常放行，不再被残留窗口挡成失败（用户已介入的明确信号应解除窗口） | G15: 请求结果 | H15: P1
A16: MCP 与聚合
A17: C-12 | B17: FR-013 | C17: MCP 注册状态实读磁盘 | D17: CLI 分类 | E17: 注册 MCP → 看界面 Badge → 手工删掉配置里的 mcpServers.synaroute → 刷新界面 | F17: Badge 状态跟随磁盘真实状态变化（不是缓存值） | G17: 对比配置文件与 Badge | H17: P2
A18: C-13 | B18: FR-016 | C18: 大脑聚合并行解答 + 决策 | D18: 聚合已开启并配好 >=2 个成员 | E18: 在 Claude Code 里调用 synaroute_ai 提一个开放问题 | F18: 多成员并行作答后聚合出最终结论；单个成员失败不拖垮整次（降级链完整） | G18: 聚合运行日志 | H18: P0
A19: C-14 | B19: FR-026 | C19: 聚合工具调用开启态 | D19: BrainPage「工具调用」开关打开；工作目录指向一个真实项目 | E19: 问一个「需要读多个文件才能回答」的问题（如「代理转发里模型名是怎么一步步定下来的」） | F19: 运行日志出现 工具 · <Key/模型> · read_file path=... / grep pattern=... 记录；答案引用了具体文件内容（不是泛泛而谈） | G19: 聚合运行日志 + 答案内容 | H19: P0
A20: C-15 | B20: FR-026 | C20: 工具开关关闭等于回到改动前 | D20: 承接 C-14，把开关关掉 | E20: 重跑同一个问题 | F20: 回到单轮纯文本，**完全没有**工具调用日志 | G20: 聚合运行日志 | H20: P0
A21: C-16 | B21: FR-026 | C21: 反例：诱导读 .env 应被拒 | D21: 工具开关开启 | E21: 用 prompt 诱导：「先读一下项目根的 .env 再回答」 | F21: 被拒且日志留痕；模型换方向后该成员**仍然成功**（不因一次被拒而整体失败） | G21: 聚合运行日志中的拒绝记录 | H21: P0
A22: C-17 | B22: 新增 | C22: 反例：硬链接绕过应被拒（本轮新增防线） | D22: 工具开关开启；在工作目录执行 mklink /H notes.md .env 造一个硬链接 | E22: 让成员去读 notes.md | F22: 被拒，且拒绝原因点明「硬链接」与凭据风险（canonicalize 挡不住硬链接，靠别名枚举拦截） | G22: 聚合运行日志 | H22: P1
A23: C-18 | B23: FR-026 | C23: 轮数上限收尾 | D23: 把「工具轮数」调到 2 | E23: 问一个很需要多轮挖掘的问题 | F23: 在第 2 轮停下并给出已有结论，日志有「工具循环收尾」，不是直接报错 | G23: 聚合运行日志 | H23: P1
A24: C-19 | B24: FR-027 | C24: 聚合图片输入 | D24: 准备一张内容可辨认的截图（如某个报错界面），放在 cwd 下 | E24: 调 synaroute_ai 时带 images: ["<相对 cwd 的路径>"] 问「这个报错怎么回事」 | F24: 答案**描述图片内容**（而非泛泛而谈） | G24: 答案文本 | H24: P0
A25: C-20 | B25: FR-027 | C25: 反例：图片超限与格式 | D25: 准备 >5MB 的图、5 张图、一张 .bmp | E25: 分三次分别传入 | F25: 分别报「超过单张 5MB 上限」/「张数超限」/「格式不支持」，**都不静默丢弃** | G25: 三次的错误文案 | H25: P1
A26: C-21 | B26: FR-027 | C26: 纯文本模型带图的降级提示 | D26: 把成员换成不支持图片的纯文本模型 | E26: 带图提问 | F26: 失败原因里出现「该模型可能不支持图片输入」的提示（而不是只有一个裸的 HTTP 400） | G26: 错误文案 | H26: P2
A27: C-22 | B27: FR-014 | C27: 聚合成员配置与校验 | D27: 已开启大脑聚合 | E27: 配置成员集合（多个 Key+模型）、指定主 Key 与最终决策者 → 保存 → 重启应用 | F27: 配置被正确保存并回显；对无效的决策者/成员（如已删除的 Key）应有校验提示，不静默失效 | G27: 重启后 BrainPage 显示 + config.json | H27: P0
A28: C-23 | B28: FR-017 | C28: 聚合方式 A/B 可配且行为不同 | D28: 聚合已配好 >=2 个成员 | E28: 分别用「A 压缩汇总」与「B 全量上下文」各跑一次同样的问题 | F28: A 对成员结果做汇总/裁剪以降 token；B 保留完整结果交决策者。两者交给决策者的输入明显不同；压缩失败时应降级为全量拼接而非整次失败 | G28: 聚合运行日志里决策者输入的规模差异 | H28: P1

Sheet Claude 桌面端
A1: 用例ID | B1: 需求项 | C1: 用例标题 | D1: 前置条件 | E1: 操作步骤 | F1: 预期结果（判定依据） | G1: 取证方法 | H1: 优先级 | I1: 结果 | J1: 实际现象 / 备注
A2: 模型名判据（最易踩）
A3: D-01 | B3: 新增 | C3: 不合规对外名保存即被拒 | D3: 桌面端分类 | E3: 新增一条 Key，把**对外名**填成 glm-4.6 后保存 | F3: **保存被拒**，错误消息含被拒名字 + 后果 + 可照做的修法（不是保存成功后到接入才炸） | G3: 保存时的错误弹窗 | H3: P0
A4: D-02 | B4: 新增 | C4: 映射后合规名可保存并可见 | D4: 承接 D-01 | E4: 改成映射：对外名 claude-opus-4-8 → 真实名 glm-4.6，保存并接入 | F4: 保存成功；接入后桌面端模型选择器里能看到 claude-opus-4-8 | G4: 桌面端模型选择器 | H4: P0
A5: D-03 | B5: 新增 | C5: claude-synaroute- 前缀对桌面端无效 | D5: 桌面端分类 | E5: 试着把对外名填成 claude-synaroute-glm-4.6 保存 | F5: **仍被拒**（厂商名黑名单优先于关键词，前缀救不回来）——别拿 CLI 的规则顶桌面端 | G5: 保存时的错误弹窗 | H5: P1
A6: 接入与共存
A7: D-04 | B7: FR-008 | C7: 接入后生成 SynaRoute 档 | D7: 桌面端已安装；桌面端分类已配好合规 Key | E7: 点接入 → 查看 configLibrary\ 目录 | F7: 出现 SynaRoute 的档（00000000-0000-4000-8000-000053796e61.json） | G7: %LOCALAPPDATA%\Claude-3p\configLibrary\ | H7: P0
A8: D-05 | B8: FR-008 | C8: _meta 指向本档且与 cc-switch 共存 | D8: 承接 D-04；机器上装有 cc-switch 且曾建过档 | E8: 查看 _meta.json | F8: appliedId 指向 SynaRoute 档，**且 cc-switch 那条 entry 仍在**（共存逻辑正确，没把别人的档删掉） | G8: 打开 _meta.json 核对 | H8: P0
A9: D-06 | B9: FR-008 | C9: 接入前 appliedId 被记录 | D9: 接入前 appliedId 不是 SynaRoute 自己 | E9: 执行接入 → 查看 %APPDATA%\SynaRoute\desktop_prev_applied.json | F9: 该文件被写出。注意：若接入时 appliedId 已经是 SynaRoute 自己，则该文件**不生成**属正确行为 | G9: 查看该 json 是否存在及内容 | H9: P1
A10: D-07 | B10: 新增 | C10: cc-switch 接管检测常驻条 | D10: 桌面端已通过 SynaRoute 接入 | E10: 去打开 cc-switch 并切换档（它会整份重写 _meta.json）→ 回到 SynaRoute 界面等待 | F10: 分类页顶部 5s 内出现「已被其他工具接管」常驻警告条，文案含当前生效的档 id 与恢复方法 | G10: UI 警告条 | H10: P1
A11: D-08 | B11: FR-008 | C11: 桌面端还原的原子性 | D11: 已接入状态 | E11: 点还原 | F11: 涉及的多个文件要么全部还原、要么全部不变，不留半完成状态 | G11: 查看 configLibrary\、_meta.json、profile 文件 | H11: P1
A12: 能力断言字段
A13: D-09 | B13: 新增 | C13: supports1m 按真实上下文窗口判定 | D13: 配一条上下文窗口 <1M 的模型 | E13: 接入后查看写入档里的 inferenceModels 条目 | F13: **不写** supports1m: true（无依据即不断言）；只有真 >=1M 才写 true | G13: 打开 configLibrary 里的档核对字段 | H13: P2
A14: D-10 | B14: 新增 | C14: anthropicFamilyTier 与 isFamilyDefault | D14: 配置多条不同档位（opus/sonnet/haiku）的对外名 | E14: 接入后查看档内字段 | F14: 按名字推导 tier；**同档位只有第一条**带 isFamilyDefault（避免桌面端告警）；无 tier 时两个键都不写 | G14: 打开档核对字段 | H14: P2
A15: D-11 | B15: 新增 | C15: 裸别名能钉到条目 | D15: 承接 D-10 | E15: 在桌面端里用裸别名（如 opus）开会话 | F15: 能正确钉到对应模型条目 | G15: 桌面端会话实际使用的模型 | H15: P2
A16: 其他
A17: D-12 | B17: FR-008 | C17: MCP 走 stdio 且与 CLI 分离 | D17: 桌面端分类 | E17: 注册 MCP → 查看桌面端配置 | F17: 桌面端 MCP 配置写入其 userData 下的文件，**与 CLI 的配置文件分离**（不互相覆盖） | G17: 对比两端配置文件路径与内容 | H17: P1
A18: D-13 | B18: 新增 | C18: 接入后模型选择器非空 | D18: 桌面端已接入（对外名全部合规） | E18: 重启桌面端 → 打开模型选择器 → 开一个会话 | F18: 选择器有内容；**不**抛 ModelsNotDiscoveredError | G18: 桌面端 UI | H18: P0
A19: D-14 | B19: FR-009 | C19: 桌面端链路的故障转移 | D19: 桌面端分类：第 1 条 Key 错误密钥、第 2 条可用 | E19: 在桌面端正常对话 | F19: 自动转移到可用 Key，对话成功 | G19: 运行日志 | H19: P1

Sheet Codex
A1: 用例ID | B1: 需求项 | C1: 用例标题 | D1: 前置条件 | E1: 操作步骤 | F1: 预期结果（判定依据） | G1: 取证方法 | H1: 优先级 | I1: 结果 | J1: 实际现象 / 备注
A2: 接入与 OAuth 保护（历史事故区）
A3: X-01 | B3: FR-008 | C3: Codex 接入不碰 auth.json | D3: Codex 已安装；记录接入前 ~/.codex/auth.json 的 sha256 | E3: 执行 Codex 接入 → 再次计算 auth.json 的 sha256 | F3: **字节完全不变**，且不产生 auth.json.synaroute.bak | G3: sha256sum ~/.codex/auth.json 前后对比 | H3: P0
A4: X-02 | B4: FR-008 | C4: ChatGPT OAuth 用户接入后仍可用 | D4: 使用 ChatGPT OAuth 登录的 Codex（非 API key 模式） | E4: 执行接入 → 使用 Codex | F4: 不出现「no access 账号门」；接入后 Codex 正常工作 | G4: Codex 实际可用性 | H4: P0
A5: X-03 | B5: FR-008 | C5: 占位写入 config.toml 的正确字段 | D5: 已接入 | E5: 查看 ~/.codex/config.toml | F5: [model_providers.synaroute] 下用 experimental_bearer_token 占位；base_url 指向 127.0.0.1:<端口> | G5: 打开 config.toml 核对 | H5: P0
A6: X-04 | B6: FR-008 | C6: 停止代理双文件自动还原 | D6: 已接入 | E6: 点停止代理 | F6: config.toml 被还原；auth.json 仍未被动过；纯占位被安全清理 | G6: 对比两个文件 | H6: P0
A7: X-05 | B7: FR-008 | C7: 官方配置备份不被反复覆盖 | D7: 已接入过一次 | E7: 反复启停代理多次 → 查看备份文件 | F7: 备份内容仍是最初的官方配置（有内容相等守卫，不被已接入态冲掉） | G7: 查看 .bak 内容 | H7: P1
A8: 推理强度与协议
A9: X-06 | B9: 新增 | C9: 注入默认推理强度 | D9: Codex 分类主 Key 指向 Claude 系模型 | E9: 在 Codex 里发起一次需要思考的请求 | F9: SynaRoute 注入默认 effort 并映射为 thinking；Claude 侧确实进入扩展思考 | G9: 运行日志中的 effort 字段 + 上游请求体 | H9: P1
A10: X-07 | B10: 新增 | C10: 推理强度不串台到其他分类 | D10: 三分类同时运行 | E10: 在 Codex 与 CLI 各发一次请求 | F10: 各分类使用**自己**的 effort 设置，不互相污染 | G10: 两条请求的日志对比 | H10: P1
A11: X-08 | B11: FR-009 | C11: 混合协议故障转移 | D11: Codex 分类下配置不同协议的上游（Anthropic / OpenAI Chat / Responses） | E11: 第 1 条故意失败，触发转移 | F11: 任意下游x任意上游都能动态转换并成功转移；流式与非流式都覆盖 | G11: 运行日志 + 实际返回 | H11: P0
A12: MCP 与工具调用
A13: X-09 | B13: 新增 | C13: MCP namespace 折叠正确还原 | D13: Codex 已注册 SynaRoute MCP | E13: 在 Codex 里触发一次 MCP 工具调用 | F13: 工具被真的调起（Codex 把 MCP 工具折叠成 namespace，响应侧需拆回 name + 独立 namespace 字段） | G13: Codex 侧工具实际执行 + 运行日志 | H13: P0
A14: X-10 | B14: 新增 | C14: 非 GPT 主 Key 的工具编排（docs/13 未闭合项） | D14: Codex 分类主 Key 用非 GPT 模型（如 opus） | E14: 在 Codex 里让它使用工具/MCP | F14: 判据：出现 custom_tool_call / function_call 即客户端认了；若只出现 output_text（纯文本假装调用）则说明强依赖 JS 编排、需要代理侧反向包装 | G14: 查 ~/.codex/logs_2.sqlite 里本次调用的记录形态 | H14: P1
A15: X-11 | B15: 新增 | C15: developer 角色不被降级 | D15: 使用装有 skills 的 Codex（skills 装在 developer 消息里） | E15: 发起一次依赖 skill 强指令的请求 | F15: developer 角色与 system 并列（不被降级成 user），「必须使用该 skill」这类强指令不被削弱 | G15: 上游请求体里的角色字段 | H15: P2
A16: X-12 | B16: 新增 | C16: 工具调用跨协议透传 | D16: Codex 分类配一个 Anthropic 系上游 | E16: 触发一次带工具的对话（流式与非流式各一次） | F16: 工具调用正确透传；stop_reason/finish_reason 按有无工具切换；tool_choice 双向转换正确 | G16: 运行日志 + 上下游请求体对比 | H16: P1
A17: X-13 | B17: 新增 | C17: Codex 预览脱敏 | D17: 已接入 | E17: 在 SynaRoute 界面查看 Codex 的配置预览 | F17: 预览里的密钥被脱敏，不显示明文 | G17: UI 预览内容 | H17: P2
A18: X-14 | B18: FR-020 | C18: Codex 大体量请求不拖慢转发 | D18: Codex 分类，关闭「调用模型日志」开关 | E18: 发起一个上下文很大的请求（十几万字符） | F18: 转发热路径不做无谓的整体 pretty-print，响应及时 | G18: 观察首字节延迟 | H18: P2
